sourcedId,status,dateLastModified,enabledUser,orgSourcedIds,role,username,userIds,givenName,familyName,middleName,identifier,email,sms,phone,agentSourcedIds,grades,password
"18125",,,"true","2","student","billy.flores","{FED:18125}","BILLY","FLORES","DASEAN","17580","billy.flores@classlink.k12.nj.us","","",,"11",""
"18149",,,"true","2","student","brittley.johnson","{FED:18149}","BRITTLEY","JOHNSON","LAMAR","14655","brittley.johnson@classlink.k12.nj.us","","",,"12",""
"18162",,,"true","2","student","jocelyn.harris","{FED:18162}","JOCELYN","HARRIS","GENE","19426","jocelyn.harris@classlink.k12.nj.us","","",,"10",""
"18217",,,"true","2","student","justin.vazquez","{FED:18217}","JUSTIN","VAZQUEZ","SYNIA","18924","justin.vazquez@classlink.k12.nj.us","","",,"10",""
"18280",,,"true","2","student","taniya.vazquezvelasco","{FED:18280}","TANIYA","VAZQUEZ VELASCO","","18239","taniya.vazquezvelasco@classlink.k12.nj.us","","",,"10",""
"18317",,,"true","2","student","giselle.houston","{FED:18317}","GISELLE","HOUSTON","CAMILO","15125","giselle.houston@classlink.k12.nj.us","","",,"11",""
"18323",,,"true","2","student","victor.runyan","{FED:18323}","VICTOR","RUNYAN","SAVAHI","19866","victor.runyan@classlink.k12.nj.us","","",,"10",""
"18407",,,"true","2","student","sharon.mayfield","{FED:18407}","SHARON","MAYFIELD","JANE","19319","sharon.mayfield@classlink.k12.nj.us","","",,"11",""
"18551",,,"true","2","student","amber.cline","{FED:18551}","AMBER","CLINE","ALLURE","17966","amber.cline@classlink.k12.nj.us","","",,"11",""
"18617",,,"true","2","student","arleth.mccollister","{FED:18617}","ARLETH","MCCOLLISTER","","19507","arleth.mccollister@classlink.k12.nj.us","","",,"10",""
"18793",,,"true","2","student","travis.harris","{FED:18793}","TRAVIS","HARRIS","MARIE","19428","travis.harris@classlink.k12.nj.us","","",,"10",""
"18797",,,"true","2","student","arthur.tucker","{FED:18797}","ARTHUR","TUCKER","GLENICE","14723","arthur.tucker@classlink.k12.nj.us","","",,"12",""
"18883",,,"true","2","student","trshaivion.tucker","{FED:18883}","TR'SHAIVION","TUCKER","PHILIP","17407","trshaivion.tucker@classlink.k12.nj.us","","",,"11",""
"18956",,,"true","2","student","katelynn.semrad","{FED:18956}","KATELYNN","SEMRAD","","17609","katelynn.semrad@classlink.k12.nj.us","","",,"12",""
"19022",,,"true","2","student","saryiah.dockery","{FED:19022}","SARYIAH","DOCKERY","","15158","saryiah.dockery@classlink.k12.nj.us","","",,"11",""
"19051",,,"true","2","student","mylei.rakestraw","{FED:19051}","MYLEI","RAKESTRAW","MARIA","18090","mylei.rakestraw@classlink.k12.nj.us","","",,"12",""
"19145",,,"true","2","student","amy.carsten","{FED:19145}","AMY","CARSTEN","LYNN","15638","amy.carsten@classlink.k12.nj.us","","",,"12",""
"19214",,,"true","2","student","kevin.hood","{FED:19214}","KEVIN","HOOD","","18447","kevin.hood@classlink.k12.nj.us","","",,"12",""
"19245",,,"true","2","student","jorja.milton","{FED:19245}","JORJA","MILTON","MARIE","18045","jorja.milton@classlink.k12.nj.us","","",,"11",""
"19529",,,"true","2","student","lari.reyesgarcia","{FED:19529}","LARI","REYES GARCIA","SIMONE","19934","lari.reyesgarcia@classlink.k12.nj.us","","",,"11",""
"19539",,,"true","2","student","anthony.flores","{FED:19539}","ANTHONY","FLORES","UCHENNA CHINON","18279","anthony.flores@classlink.k12.nj.us","","",,"12",""
"19690",,,"true","2","student","juan.hart","{FED:19690}","JUAN","HART","ROBERT","17653","juan.hart@classlink.k12.nj.us","","",,"11",""
"19786",,,"true","2","student","taylor.richardson","{FED:19786}","TAYLOR","RICHARDSON","LEVI","16317","taylor.richardson@classlink.k12.nj.us","","",,"11",""
"20157",,,"true","2","student","carly.richardson","{FED:20157}","CARLY","RICHARDSON","DEMARICE","17393","carly.richardson@classlink.k12.nj.us","","",,"11",""
"20354",,,"true","2","student","daniel.zavala","{FED:20354}","DANIEL","ZAVALA","GABRIEL","16716","daniel.zavala@classlink.k12.nj.us","","",,"10",""
"20823",,,"true","2","student","jenny.renteria","{FED:20823}","JENNY","RENTERIA","EDWARD","15311","jenny.renteria@classlink.k12.nj.us","","",,"11",""
"20854",,,"true","2","student","carlos.anguiano","{FED:20854}","CARLOS","ANGUIANO","RENATA","18611","carlos.anguiano@classlink.k12.nj.us","","",,"11",""
"21427",,,"true","2","student","akayla.reazin","{FED:21427}","AKAYLA","REAZIN","JOHNSON","16364","akayla.reazin@classlink.k12.nj.us","","",,"12",""
"22044",,,"true","2","student","william.bonner","{FED:22044}","WILLIAM","BONNER","ROSA","18137","william.bonner@classlink.k12.nj.us","","",,"09",""
"22135",,,"true","7","student","keely.davis","{FED:22135}","KEELY","DAVIS","KESHON","19826","keely.davis@classlink.k12.nj.us","","",,"04",""
"22143",,,"true","3","student","kendall.lozano","{FED:22143}","KENDALL","LOZANO","FAITH","19297","kendall.lozano@classlink.k12.nj.us","","",,"08",""
"22156",,,"true","3","student","brandon.landfair","{FED:22156}","BRANDON","LANDFAIR","PATRICK","19791","brandon.landfair@classlink.k12.nj.us","","",,"06",""
"22160",,,"true","2","student","eugene.lawson","{FED:22160}","EUGENE","LAWSON","VONTRELL","19859","eugene.lawson@classlink.k12.nj.us","","",,"09",""
"22172",,,"true","3","student","naomi.mayfield","{FED:22172}","NAOMI","MAYFIELD","RENAE","19581","naomi.mayfield@classlink.k12.nj.us","","",,"08",""
"22204",,,"true","3","student","makayla.torrescano","{FED:22204}","MAKAYLA","TORRESCANO","DANIELLE","17515","makayla.torrescano@classlink.k12.nj.us","","",,"08",""
"22301",,,"true","2","student","pedro.wilson","{FED:22301}","PEDRO","WILSON","","17370","pedro.wilson@classlink.k12.nj.us","","",,"09",""
"22310",,,"true","2","student","latavian.milton","{FED:22310}","LATAVIAN","MILTON","","16651","latavian.milton@classlink.k12.nj.us","","",,"09",""
"22321",,,"true","3","student","jacqueline.milton","{FED:22321}","JACQUELINE","MILTON","ROYAL","19517","jacqueline.milton@classlink.k12.nj.us","","",,"07",""
"22347",,,"true","3","student","isai.anderson","{FED:22347}","ISAI","ANDERSON","JERMAINE","18905","isai.anderson@classlink.k12.nj.us","","",,"08",""
"22356",,,"true","3","student","zachariah.garcia","{FED:22356}","ZACHARIAH","GARCIA","","19869","zachariah.garcia@classlink.k12.nj.us","","",,"08",""
"22408",,,"true","3","student","armando.renteria","{FED:22408}","ARMANDO","RENTERIA","ISACC","19513","armando.renteria@classlink.k12.nj.us","","",,"08",""
"22427",,,"true","3","student","martin.zavala","{FED:22427}","MARTIN","ZAVALA","AIMEE","18203","martin.zavala@classlink.k12.nj.us","","",,"08",""
"22435",,,"true","2","student","genaro.sandoval","{FED:22435}","GENARO","SANDOVAL","NICOLE","19323","genaro.sandoval@classlink.k12.nj.us","","",,"09",""
"22472",,,"true","3","student","megan.sandoval","{FED:22472}","MEGAN","SANDOVAL","","18226","megan.sandoval@classlink.k12.nj.us","","",,"08",""
"22701",,,"true","3","student","blake.massey","{FED:22701}","BLAKE","MASSEY","AMADELI","19789","blake.massey@classlink.k12.nj.us","","",,"07",""
"22717",,,"true","3","student","damien.eastham","{FED:22717}","DAMIEN","EASTHAM","","19571","damien.eastham@classlink.k12.nj.us","","",,"06",""
"22725",,,"true","3","student","fernando.hawkins","{FED:22725}","FERNANDO","HAWKINS","EXAEL","19375","fernando.hawkins@classlink.k12.nj.us","","",,"07",""
"22726",,,"true","3","student","faith.lanham","{FED:22726}","FAITH","LANHAM","SUSAN MARIE","18879","faith.lanham@classlink.k12.nj.us","","",,"07",""
"22727",,,"true","3","student","robby.hayley","{FED:22727}","ROBBY","HAYLEY","AGUSTINA","18991","robby.hayley@classlink.k12.nj.us","","",,"08",""
"22765",,,"true","2","student","topanga.blackmon","{FED:22765}","TOPANGA","BLACKMON","","18934","topanga.blackmon@classlink.k12.nj.us","","",,"09",""
"22783",,,"true","3","student","arianna.wedgeworth","{FED:22783}","ARIANNA","WEDGEWORTH","","17904","arianna.wedgeworth@classlink.k12.nj.us","","",,"08",""
"22847",,,"true","2","student","demetrio.hazuka","{FED:22847}","DEMETRIO","HAZUKA","DABRAYLLON","18170","demetrio.hazuka@classlink.k12.nj.us","","",,"09",""
"22860",,,"true","3","student","jasmin.hill","{FED:22860}","JASMIN","HILL","ALBERTO","18820","jasmin.hill@classlink.k12.nj.us","","",,"08",""
"22891",,,"true","3","student","alexis.riosarreola","{FED:22891}","ALEXIS","RIOS ARREOLA","ELAINE","18977","alexis.riosarreola@classlink.k12.nj.us","","",,"07",""
"22909",,,"true","3","student","arturo.anguiano","{FED:22909}","ARTURO","ANGUIANO","MICHELLE","19079","arturo.anguiano@classlink.k12.nj.us","","",,"06",""
"22929",,,"true","3","student","savanna.martinez","{FED:22929}","SAVANNA","MARTINEZ","NICOLE","18763","savanna.martinez@classlink.k12.nj.us","","",,"07",""
"22949",,,"true","3","student","kayleen.griffith","{FED:22949}","KAYLEEN","GRIFFITH","","19067","kayleen.griffith@classlink.k12.nj.us","","",,"08",""
"23018",,,"true","3","student","connor.zuniga","{FED:23018}","CONNOR","ZUNIGA","KAROLINA","19989","connor.zuniga@classlink.k12.nj.us","","",,"07",""
"23069",,,"true","3","student","matheu.line","{FED:23069}","MATHEU","LINE","JAMES","19710","matheu.line@classlink.k12.nj.us","","",,"08",""
"23142",,,"true","3","student","rocky.line","{FED:23142}","ROCKY","LINE","LINDA","18635","rocky.line@classlink.k12.nj.us","","",,"07",""
"23144",,,"true","3","student","kamarion.anderson","{FED:23144}","KA'MARION","ANDERSON","DAMARA","19626","kamarion.anderson@classlink.k12.nj.us","","",,"07",""
"23146",,,"true","7","student","darrius.scott","{FED:23146}","DARRIUS","SCOTT","DALTON","19625","darrius.scott@classlink.k12.nj.us","","",,"05",""
"23185",,,"true","3","student","abbie.scott","{FED:23185}","ABBIE","SCOTT","MANUEL","18562","abbie.scott@classlink.k12.nj.us","","",,"07",""
"23308",,,"true","3","student","jordan.zweck","{FED:23308}","JORDAN","ZWECK","","19642","jordan.zweck@classlink.k12.nj.us","","",,"08",""
"23416",,,"true","3","student","khrislyn.potter","{FED:23416}","KHRISLYN","POTTER","DARLIN","19304","khrislyn.potter@classlink.k12.nj.us","","",,"07",""
"23430",,,"true","7","student","holli.rodriguez","{FED:23430}","HOLLI","RODRIGUEZ","","19914","holli.rodriguez@classlink.k12.nj.us","","",,"05",""
"23482",,,"true","7","student","collin.davis","{FED:23482}","COLLIN","DAVIS","THOMAS","19541","collin.davis@classlink.k12.nj.us","","",,"05",""
"23554",,,"true","3","student","angel.jacquez","{FED:23554}","ANGEL","JACQUEZ","DELMONTRES","19535","angel.jacquez@classlink.k12.nj.us","","",,"06",""
"23828",,,"true","3","student","tierra.figueroa","{FED:23828}","TIERRA","FIGUEROA","ADAM","19027","tierra.figueroa@classlink.k12.nj.us","","",,"06",""
"23880",,,"true","7","student","crystal.lamb","{FED:23880}","CRYSTAL","LAMB","AUSTIN","19743","crystal.lamb@classlink.k12.nj.us","","",,"05",""
"23886",,,"true","7","student","mazey.heckel","{FED:23886}","MAZEY","HECKEL","MARQUISE","19256","mazey.heckel@classlink.k12.nj.us","","",,"05",""
"23887",,,"true","7","student","jesse.griffin","{FED:23887}","JESSE","GRIFFIN","DAMON","19255","jesse.griffin@classlink.k12.nj.us","","",,"05",""
"24055",,,"true","3","student","arianna.brewster","{FED:24055}","ARIANNA","BREWSTER","SHERLOCK","18757","arianna.brewster@classlink.k12.nj.us","","",,"07",""
"24098",,,"true","7","student","marco.gause","{FED:24098}","MARCO","GAUSE","LAMONTRES","19516","marco.gause@classlink.k12.nj.us","","",,"05",""
"24268",,,"true","3","student","karmya.calico","{FED:24268}","KARMYA","CALICO","CHARNICE LASHELLE","19666","karmya.calico@classlink.k12.nj.us","","",,"07",""
"24338",,,"true","7","student","michael.mahoney","{FED:24338}","MICHAEL","MAHONEY","AU'KEVIAN","19873","michael.mahoney@classlink.k12.nj.us","","",,"05",""
"28329",,,"true","7","teacher","kurt.sanders","{FED:28329}","KURT","SANDERS","PATTRELL","00032","kurt.sanders@classlink.k12.nj.us","","",,,""
"28338",,,"true","3","teacher","william.guillen","{FED:28338}","WILLIAM","GUILLEN","WAYNE","00056","william.guillen@classlink.k12.nj.us","","",,,""
"28352",,,"true","2","teacher","tori.mata","{FED:28352}","TORI","MATA","ALEXIS","00100","tori.mata@classlink.k12.nj.us","","",,,""
"28355",,,"true","7","teacher","deimon.hedrick","{FED:28355}","DEIMON","HEDRICK","MICHELLE","00116","deimon.hedrick@classlink.k12.nj.us","","",,,""
"28357",,,"true","3","teacher","priscilla.mcgee","{FED:28357}","PRISCILLA","MCGEE","","00122","priscilla.mcgee@classlink.k12.nj.us","","",,,""
"28385",,,"true","3","teacher","saul.warren","{FED:28385}","SAUL","WARREN","JR","00226","saul.warren@classlink.k12.nj.us","","",,,""
"28424",,,"true","7","teacher","carlos.hedricks","{FED:28424}","CARLOS","HEDRICKS","MIKEAL","00350","carlos.hedricks@classlink.k12.nj.us","","",,,""
"28442",,,"true","3","teacher","april.hedricks","{FED:28442}","APRIL","HEDRICKS","CHANEL","00422","april.hedricks@classlink.k12.nj.us","","",,,""
"28476",,,"true","2","teacher","destiny.hill","{FED:28476}","DESTINY","HILL","ELIZABETH","00526","destiny.hill@classlink.k12.nj.us","","",,,""
"28480",,,"true","2","teacher","isaian.rivera","{FED:28480}","ISAIAN","RIVERA","BROCK","00544","isaian.rivera@classlink.k12.nj.us","","",,,""
"28529",,,"true","2","teacher","yardan.hammers","{FED:28529}","YARDAN","HAMMERS","TIKEI","00678","yardan.hammers@classlink.k12.nj.us","","",,,""
"28534",,,"true","2","teacher","emily.march","{FED:28534}","EMILY","MARCH","DWAIN","00684","emily.march@classlink.k12.nj.us","","",,,""
"28563",,,"true","7","teacher","faye.helms","{FED:28563}","FAYE","HELMS","EVELYN","00791","faye.helms@classlink.k12.nj.us","","",,,""
"28592",,,"true","7","teacher","isaac.amante","{FED:28592}","ISAAC","AMANTE","CHRISTIAN","00877","isaac.amante@classlink.k12.nj.us","","",,,""
"28603",,,"true","7","teacher","zachariah.carney","{FED:28603}","ZACHARIAH","CARNEY","LINN","00906","zachariah.carney@classlink.k12.nj.us","","",,,""
"28620",,,"true","2","teacher","taylor.helms","{FED:28620}","TAYLOR","HELMS","JANETTE","00951","taylor.helms@classlink.k12.nj.us","","",,,""
"28733",,,"true","3","teacher","afnan.amante","{FED:28733}","AFNAN","AMANTE","JEREMIAH","01303","afnan.amante@classlink.k12.nj.us","","",,,""
"28761",,,"true","7","teacher","jorge.wood","{FED:28761}","JORGE","WOOD","JULIAN","00518","jorge.wood@classlink.k12.nj.us","","",,,""
"28930",,,"true","7","student","keirontay.torreschavez","{FED:28930}","KEIRONTAY","TORRES-CHAVEZ","SAMYA","20386","keirontay.torreschavez@classlink.k12.nj.us","","",,"05",""
"28949",,,"true","3","student","trekeilyn.rodriguez","{FED:28949}","TREKEILYN","RODRIGUEZ","GREY","20388","trekeilyn.rodriguez@classlink.k12.nj.us","","",,"06",""
"28961",,,"true","7","student","ilonzo.hernandez","{FED:28961}","ILONZO","HERNANDEZ","KEYVONE","21476","ilonzo.hernandez@classlink.k12.nj.us","","",,"05",""
"28962",,,"true","7","student","ramiro.hernandezlucena","{FED:28962}","RAMIRO","HERNANDEZ LUCENA","ALISE","20391","ramiro.hernandezlucena@classlink.k12.nj.us","","",,"04",""
"29005",,,"true","7","student","maliyah.green","{FED:29005}","MALIYAH","GREEN","LEE","20221","maliyah.green@classlink.k12.nj.us","","",,"05",""
"29117",,,"true","2","student","blas.morales","{FED:29117}","BLAS","MORALES","","20385","blas.morales@classlink.k12.nj.us","","",,"10",""
"29120",,,"true","3","student","nattaly.saucedo","{FED:29120}","NATTALY","SAUCEDO","NATHANIEL-LEE","20281","nattaly.saucedo@classlink.k12.nj.us","","",,"07",""
"29123",,,"true","3","student","jocelynn.henderson","{FED:29123}","JOCELYNN","HENDERSON","JO","20294","jocelynn.henderson@classlink.k12.nj.us","","",,"07",""
"29205",,,"true","3","student","mohammed.forster","{FED:29205}","MOHAMMED","FORSTER","ELIZABETH","20380","mohammed.forster@classlink.k12.nj.us","","",,"06",""
"29233",,,"true","7","student","sawyer.hendricks","{FED:29233}","SAWYER","HENDRICKS","ALONSO","20250","sawyer.hendricks@classlink.k12.nj.us","","",,"05",""
"29249",,,"true","2","teacher","tyra.williams","{FED:29249}","TYRA","WILLIAMS","CARMELO","00176","tyra.williams@classlink.k12.nj.us","","",,,""
"29399",,,"true","3","student","mohammed.smith","{FED:29399}","MOHAMMED","SMITH","PA'LEAH","20427","mohammed.smith@classlink.k12.nj.us","","",,"07",""
"29549",,,"true","3","teacher","skye.metcalf","{FED:29549}","SKYE","METCALF","MAC","01501","skye.metcalf@classlink.k12.nj.us","","",,,""
"29562",,,"true","7","teacher","madison.jackson","{FED:29562}","MADISON","JACKSON","","00735","madison.jackson@classlink.k12.nj.us","","",,,""
"29716",,,"true","7","student","daniel.duran","{FED:29716}","DANIEL","DURAN","RENE'","20528","daniel.duran@classlink.k12.nj.us","","",,"04",""
"30044",,,"true","3","student","lidia.mendez","{FED:30044}","LIDIA","MENDEZ","STEPHANIE","20639","lidia.mendez@classlink.k12.nj.us","","",,"06",""
"30164",,,"true","3","student","kelton.delagarzaquiroz","{FED:30164}","KELTON","DE LA GARZA QUIROZ","MICHAEL","20707","kelton.delagarzaquiroz@classlink.k12.nj.us","","",,"07",""
"30196",,,"true","7","student","nolan.jackson","{FED:30196}","NOLAN","JACKSON","MARIE","20713","nolan.jackson@classlink.k12.nj.us","","",,"05",""
"30205",,,"true","3","student","debani.jacksonminor","{FED:30205}","DEBANI","JACKSON MINOR","RAELYNN","20714","debani.jacksonminor@classlink.k12.nj.us","","",,"06",""
"30320",,,"true","7","student","jovan.martinez","{FED:30320}","JOVAN","MARTINEZ","DON'SHAYE","20763","jovan.martinez@classlink.k12.nj.us","","",,"05",""
"30445",,,"true","7","student","jose.blackmon","{FED:30445}","JOSE","BLACKMON","AMARI","20780","jose.blackmon@classlink.k12.nj.us","","",,"04",""
"31152",,,"true","3","student","esmeralda.henry","{FED:31152}","ESMERALDA","HENRY","KADE","20878","esmeralda.henry@classlink.k12.nj.us","","",,"07",""
"31197",,,"true","7","student","kealey.rodriguez","{FED:31197}","KEALEY","RODRIGUEZ","RENEE","20900","kealey.rodriguez@classlink.k12.nj.us","","",,"04",""
"31288",,,"true","7","student","miguel.henry","{FED:31288}","MIGUEL","HENRY","AVA","20919","miguel.henry@classlink.k12.nj.us","","",,"04",""
"31289",,,"true","3","student","fabion.hermanns","{FED:31289}","FABION","HERMANNS","JO","20920","fabion.hermanns@classlink.k12.nj.us","","",,"06",""
"32452",,,"true","3","student","dimple.preciado","{FED:32452}","DIMPLE","PRECIADO","DAMIAN","21037","dimple.preciado@classlink.k12.nj.us","","",,"06",""
"32681",,,"true","7","student","thomas.massenburge","{FED:32681}","THOMAS","MASSENBURGE","LYNN","21122","thomas.massenburge@classlink.k12.nj.us","","",,"04",""
"32713",,,"true","7","student","jordan.benitez","{FED:32713}","JORDAN","BENITEZ","PARKER","21137","jordan.benitez@classlink.k12.nj.us","","",,"03",""
"32718",,,"true","3","student","enrique.campa","{FED:32718}","ENRIQUE","CAMPA","ANTONIO","21139","enrique.campa@classlink.k12.nj.us","","",,"07",""
"32721",,,"true","7","student","bobby.campa","{FED:32721}","BOBBY","CAMPA","","21141","bobby.campa@classlink.k12.nj.us","","",,"04",""
"32747",,,"true","7","student","lamya.ford","{FED:32747}","LAMYA","FORD","JARED","21151","lamya.ford@classlink.k12.nj.us","","",,"04",""
"33130",,,"true","3","student","morgan.forster","{FED:33130}","MORGAN","FORSTER","JOSE'","21246","morgan.forster@classlink.k12.nj.us","","",,"07",""
"33141",,,"true","7","student","nolan.hernandez","{FED:33141}","NOLAN","HERNANDEZ","HERMINIO","21284","nolan.hernandez@classlink.k12.nj.us","","",,"03",""
"33157",,,"true","7","student","kaela.torres","{FED:33157}","KAELA","TORRES","DARREL","21289","kaela.torres@classlink.k12.nj.us","","",,"05",""
"33267",,,"true","3","student","manuel.maples","{FED:33267}","MANUEL","MAPLES","LYNN THOMAS","21351","manuel.maples@classlink.k12.nj.us","","",,"06",""
"33336",,,"true","3","student","noemi.hernandez","{FED:33336}","NOEMI","HERNANDEZ","","21390","noemi.hernandez@classlink.k12.nj.us","","",,"06",""
"33954",,,"true","7","student","jordan.hernandez","{FED:33954}","JORDAN","HERNANDEZ","DINH","21504","jordan.hernandez@classlink.k12.nj.us","","",,"03",""
"34126",,,"true","2","teacher","lee.herod","{FED:34126}","LEE","HEROD","NEAL","01663","lee.herod@classlink.k12.nj.us","","",,,""
"34318",,,"true","7","student","luis.shelton","{FED:34318}","LUIS","SHELTON","ROSE","21638","luis.shelton@classlink.k12.nj.us","","",,"03",""
"35023",,,"true","7","student","mirna.anderson","{FED:35023}","MIRNA","ANDERSON","ELAINE","21900","mirna.anderson@classlink.k12.nj.us","","",,"03",""
"35126",,,"true","7","student","danecia.mooregee","{FED:35126}","DANECIA","MOORE-GEE","","21938","danecia.mooregee@classlink.k12.nj.us","","",,"02",""
"35249",,,"true","7","student","anthony.hernandez","{FED:35249}","ANTHONY","HERNANDEZ","REID","21980","anthony.hernandez@classlink.k12.nj.us","","",,"04",""
"35871",,,"true","2","teacher","kevin.hernandez","{FED:35871}","KEVIN","HERNANDEZ","","01235","kevin.hernandez@classlink.k12.nj.us","","",,,""
"36107",,,"true","7","student","melissa.ruiz","{FED:36107}","MELISSA","RUIZ","ELIZABETH","22262","melissa.ruiz@classlink.k12.nj.us","","",,"04",""
"36516",,,"true","7","student","keanu.arciga","{FED:36516}","KEANU","ARCIGA","YAMILE","22408","keanu.arciga@classlink.k12.nj.us","","",,"02",""
"36852",,,"true","7","student","ricardo.hardee","{FED:36852}","RICARDO","HARDEE","GRACE","22559","ricardo.hardee@classlink.k12.nj.us","","",,"01",""
"36855",,,"true","7","student","ladamion.hernandez","{FED:36855}","LADAMION","HERNANDEZ","ISABEL","22562","ladamion.hernandez@classlink.k12.nj.us","","",,"01",""
"36975",,,"true","7","student","tateonna.jackson","{FED:36975}","TATEONNA","JACKSON","ELIZABETH","22612","tateonna.jackson@classlink.k12.nj.us","","",,"02",""
"36984",,,"true","7","student","efren.martinez","{FED:36984}","EFREN","MARTINEZ","RENA","22615","efren.martinez@classlink.k12.nj.us","","",,"03",""
"37112",,,"true","7","student","nemesia.wheat","{FED:37112}","NEMESIA","WHEAT","MICAH","22668","nemesia.wheat@classlink.k12.nj.us","","",,"02",""
"37133",,,"true","7","student","keyayra.zavala","{FED:37133}","KEYAYRA","ZAVALA","LIZBETH","22671","keyayra.zavala@classlink.k12.nj.us","","",,"01",""
"37191",,,"true","7","student","habana.hernandez","{FED:37191}","HABANA","HERNANDEZ","EZEQUIEL","22695","habana.hernandez@classlink.k12.nj.us","","",,"02",""
"37197",,,"true","7","student","katelyn.hernandez","{FED:37197}","KATELYN","HERNANDEZ","","22698","katelyn.hernandez@classlink.k12.nj.us","","",,"01",""
"37415",,,"true","2","teacher","caleb.rodriguezcontreras","{FED:37415}","CALEB","RODRIGUEZ CONTRERAS","DAMIAN","01593","caleb.rodriguezcontreras@classlink.k12.nj.us","","",,,""
"37656",,,"true","7","student","chance.hernandez","{FED:37656}","CHANCE","HERNANDEZ","RENE","22870","chance.hernandez@classlink.k12.nj.us","","",,"01",""
"37713",,,"true","7","student","ju-keysten.gomezrobledo","{FED:37713}","JU-KEYSTEN","GOMEZ ROBLEDO","LEIGHANN","22895","ju-keysten.gomezrobledo@classlink.k12.nj.us","","",,"01",""
"38078",,,"true","7","student","nicholas.gomezrobledo","{FED:38078}","NICHOLAS","GOMEZ ROBLEDO","LEE","22981","nicholas.gomezrobledo@classlink.k12.nj.us","","",,"02",""
"38243",,,"true","7","student","duncan.adighije","{FED:38243}","DUNCAN","ADIGHIJE","RENEA","23022","duncan.adighije@classlink.k12.nj.us","","",,"01",""
"38683",,,"true","7","student","james.ford","{FED:38683}","JAMES","FORD","ANTHONY","23204","james.ford@classlink.k12.nj.us","","",,"01",""
"39149",,,"true","7","student","jesse.hernandezchaib","{FED:39149}","JESSE","HERNANDEZ CHAIB","KRISTOPHER","23407","jesse.hernandezchaib@classlink.k12.nj.us","","",,"KG",""
"39154",,,"true","7","student","hayden.hernandezchaib","{FED:39154}","HAYDEN","HERNANDEZ CHAIB","NICOLE","23410","hayden.hernandezchaib@classlink.k12.nj.us","","",,"01",""
"39690",,,"true","7","student","mason.ansel","{FED:39690}","MASON","ANSEL","LA'BRYAN","23569","mason.ansel@classlink.k12.nj.us","","",,"KG",""
"39973",,,"true","3","teacher","kylee.hernandezmacias","{FED:39973}","KYLEE","HERNANDEZ MACIAS","ARMON","01840","kylee.hernandezmacias@classlink.k12.nj.us","","",,,""
"40339",,,"true","7","student","emiliano.perez","{FED:40339}","EMILIANO","PEREZ","I'JAHNAE","23736","emiliano.perez@classlink.k12.nj.us","","",,"KG",""
"40426",,,"true","7","teacher","austin.perez","{FED:40426}","AUSTIN","PEREZ","MAELEE","01706","austin.perez@classlink.k12.nj.us","","",,,""
"40497",,,"true","7","student","timothy.perez","{FED:40497}","TIMOTHY","PEREZ","","23795","timothy.perez@classlink.k12.nj.us","","",,"KG",""
"40508",,,"true","7","student","kaylie.herrera","{FED:40508}","KAYLIE","HERRERA","","23799","kaylie.herrera@classlink.k12.nj.us","","",,"KG",""
"41226",,,"true","2","student","gillian.herring","{FED:41226}","GILLIAN","HERRING","PAUL-OLIVER","24066","gillian.herring@classlink.k12.nj.us","","",,"11",""
"41330",,,"true","7","teacher","haylee.rasco","{FED:41330}","HAYLEE","RASCO","CONRAD","01496","haylee.rasco@classlink.k12.nj.us","","",,,""
"42189",,,"true","7","student","alexis.ramirez","{FED:42189}","ALEXIS","RAMIREZ","FERNANDA","24278","alexis.ramirez@classlink.k12.nj.us","","",,"KG",""
"42956",,,"true","7","teacher","chloe.demus","{FED:42956}","CHLOE","DEMUS","","01710","chloe.demus@classlink.k12.nj.us","","",,,""
"43105",,,"true","7","teacher","amber.demus","{FED:43105}","AMBER","DEMUS","","01559","amber.demus@classlink.k12.nj.us","","",,,""
"44591",,,"true","7","teacher","rosalinda.hinojosa","{FED:44591}","ROSALINDA","HINOJOSA","","02079","rosalinda.hinojosa@classlink.k12.nj.us","","",,,""
"44595",,,"true","7","teacher","kebin.hernandez","{FED:44595}","KEBIN","HERNANDEZ","MARIA","02039","kebin.hernandez@classlink.k12.nj.us","","",,,""
"44596",,,"true","7","teacher","jonathan.starksscroggins","{FED:44596}","JONATHAN","STARKS-SCROGGINS","ANN","02063","jonathan.starksscroggins@classlink.k12.nj.us","","",,,""
"44839",,,"true","3","teacher","lorenzo.hintz","{FED:44839}","LORENZO","HINTZ","PIOQUINTO","02070","lorenzo.hintz@classlink.k12.nj.us","","",,,""
"44903",,,"true","2","teacher","nathan.brewer","{FED:44903}","NATHAN","BREWER","MESHELLE","02057","nathan.brewer@classlink.k12.nj.us","","",,,""
"44906",,,"true","7","teacher","yareli.march","{FED:44906}","YARELI","MARCH","MARIE","02076","yareli.march@classlink.k12.nj.us","","",,,""
"45851",,,"true","2","teacher","giselle.aguirre","{FED:45851}","GISELLE","AGUIRRE","NICOLE","02137","giselle.aguirre@classlink.k12.nj.us","","",,,""
"46575",,,"true","3","teacher","pedro.aguirre","{FED:46575}","PEDRO","AGUIRRE","GRACE","02210","pedro.aguirre@classlink.k12.nj.us","","",,,""
"47948",,,"true","2","student","rubicely.sabella","{FED:47948}","RUBICELY","SABELLA","","26249","rubicely.sabella@classlink.k12.nj.us","","",,"09",""
"48309",,,"true","3","teacher","mayte.fults","{FED:48309}","MAYTE","FULTS","JAMES","02347","mayte.fults@classlink.k12.nj.us","","",,,""
"48435",,,"true","7","teacher","julio.holder","{FED:48435}","JULIO","HOLDER","RAY","02361","julio.holder@classlink.k12.nj.us","","",,,""
"48546",,,"true","3","teacher","anthony.fults","{FED:48546}","ANTHONY","FULTS","DEWAYNE","02371","anthony.fults@classlink.k12.nj.us","","",,,""
"49132",,,"true","7","student","jessica.acosta","{FED:49132}","JESSICA","ACOSTA","WAYNE","26740","jessica.acosta@classlink.k12.nj.us","","",,"04",""
"999999",,,"false","2","student","newStudent","","New","Student","","","new_student@adobe.com","","",,,""